{
  "content": [
    {
      "id": 1,
      "name": "Angular",
      "positions": 2
    },
    {
      "id": 2,
      "name": "React",
      "positions": 3
    },
    {
      "id": 3,
      "name": "Html",
      "positions": 4
    },
    {
      "id": 4,
      "name": "Css",
      "positions": 8
    },
    {
      "id": 5,
      "name": "javascript",
      "positions": 3
    },
    {
      "id": 6,
      "name": "karma",
      "positions": 3
    },
    {
      "id": 7,
      "name": "jasmine",
      "positions": 3
    }
  ]
}